url_path,views_total,views_unique
/Project-HAMi/HAMi-core,256,145
/Project-HAMi/HAMi-core/pulls,77,17
/Project-HAMi/HAMi-core/issues,36,24
/Project-HAMi/HAMi-core/blob/main/README_CN.md,30,26
/Project-HAMi/HAMi-core/pull/208,28,3
/Project-HAMi/HAMi-core/tree/main/src,26,18
/Project-HAMi/HAMi-core/tree/8c32de630b24f5f7d6355fbeb0034845d3bdafb7,23,20
/Project-HAMi/HAMi-core/tree/a26e57e0061efed98d32310a8a7986935dc9098e,22,12
/Project-HAMi/HAMi-core/commits/main,20,8
/Project-HAMi/HAMi-core/issues/179,17,11
